t,vram_used_mib,vram_free_mib,gpu_util_pct,power_w,comfyui_ram_mb,qwen_ram_mb
1.0,,,,,814,23642
6.0,,,,,814,23642
11.0,,,,,814,23642
17.0,,,,,814,0
22.0,,,,,814,0
27.0,,,,,31,0
33.0,,,,,31,0
38.0,,,,,171,0
43.0,,,,,1036,0
49.0,,,,,1333,0
54.0,,,,,1312,0
59.0,,,,,1330,0
65.0,,,,,1337,0
70.0,,,,,1341,0
75.0,,,,,1341,0
81.0,,,,,1341,0
86.0,,,,,1341,0
91.0,,,,,1341,0
97.0,,,,,1341,0
102.0,,,,,5382,0
108.0,,,,,18263,0
113.0,,,,,23275,0
118.0,,,,,25421,0
124.0,,,,,28097,0
129.0,,,,,29157,0
134.0,,,,,30244,0
140.0,,,,,31547,0
145.0,,,,,31547,0
150.0,,,,,33979,0
156.0,,,,,33980,0
161.0,,,,,36412,0
167.0,,,,,36412,0
172.0,,,,,38844,0
177.0,,,,,38844,0
183.0,,,,,41276,0
188.0,,,,,41276,0
193.0,,,,,42199,0
199.0,,,,,42599,0
204.0,,,,,42656,0
209.0,,,,,42340,0
215.0,,,,,42340,0
220.0,,,,,42340,0
225.0,,,,,42340,0
231.0,,,,,42340,0
236.0,,,,,42340,0
242.0,,,,,42340,0
247.0,,,,,42341,0
252.0,,,,,42341,0
258.0,,,,,42962,0
263.0,,,,,42962,0
268.0,,,,,42962,0
274.0,,,,,42962,0
279.0,,,,,42963,0
285.0,,,,,42963,0
290.0,,,,,42963,0
295.0,,,,,42963,0
301.0,,,,,42963,0
306.0,,,,,42963,0
311.0,,,,,42964,0
317.0,,,,,42964,0
322.0,,,,,42964,0
328.0,,,,,42964,0
333.0,,,,,42964,0
338.0,,,,,42965,0
344.0,,,,,42965,0
349.0,,,,,42966,0
354.0,,,,,42966,0
360.0,,,,,42966,0
365.0,,,,,42967,0
371.0,,,,,42967,0
376.0,,,,,42967,0
381.0,,,,,42967,0
387.0,,,,,42968,0
392.0,,,,,42968,0
397.0,,,,,42968,0
403.0,,,,,42968,0
408.0,,,,,42969,0
414.0,,,,,42969,0
419.0,,,,,42969,0
424.0,,,,,42969,0
430.0,,,,,42969,0
435.0,,,,,42970,0
440.0,,,,,42970,0
446.0,,,,,42971,0
451.0,,,,,42971,0
456.0,,,,,42971,0
462.0,,,,,42971,0
467.0,,,,,42971,0
473.0,,,,,42971,0
478.0,,,,,42971,0
483.0,,,,,37202,0
489.0,,,,,37202,0
494.0,,,,,37202,0
499.0,,,,,37202,0
505.0,,,,,37202,0
510.0,,,,,37202,0
515.0,,,,,37202,0
521.0,,,,,37202,0
526.0,,,,,37202,0
532.0,,,,,37202,0
537.0,,,,,37202,0
542.0,,,,,37202,0
548.0,,,,,37202,0
553.0,,,,,37203,0
558.0,,,,,37299,0
564.0,,,,,37299,0
569.0,,,,,37299,0
574.0,,,,,37299,0
580.0,,,,,37299,0
585.0,,,,,37283,0
591.0,,,,,37283,0
596.0,,,,,37283,0
601.0,,,,,37283,0
607.0,,,,,37283,0
612.0,,,,,37283,0
617.0,,,,,37283,0
623.0,,,,,37283,0
628.0,,,,,37283,0
633.0,,,,,37283,0
639.0,,,,,37283,0
644.0,,,,,37283,0
649.0,,,,,37283,0
655.0,,,,,37283,0
660.0,,,,,37283,0
665.0,,,,,37283,0
671.0,,,,,37283,0
676.0,,,,,37283,0
682.0,,,,,37283,0
687.0,,,,,37283,0
692.0,,,,,37283,0
698.0,,,,,37283,0
703.0,,,,,37283,0
708.0,,,,,37283,0
714.0,,,,,37283,0
719.0,,,,,37283,0
724.0,,,,,37283,0
730.0,,,,,37283,0
735.0,,,,,37283,0
740.0,,,,,37283,0
746.0,,,,,37283,0
751.0,,,,,37283,0
756.0,,,,,37283,0
762.0,,,,,37283,0
767.0,,,,,37283,0
773.0,,,,,37283,0
778.0,,,,,37283,0
783.0,,,,,37283,0
789.0,,,,,37235,0
794.0,,,,,37235,0
799.0,,,,,37235,0
805.0,,,,,37235,0
810.0,,,,,37235,0
815.0,,,,,37235,0
821.0,,,,,37235,0
826.0,,,,,37235,0
831.0,,,,,37235,0
837.0,,,,,37235,0
842.0,,,,,37235,0
848.0,,,,,37235,0
853.0,,,,,37235,0
858.0,,,,,37235,0
864.0,,,,,37235,0
869.0,,,,,37235,0
874.0,,,,,37235,0
880.0,,,,,37235,0
885.0,,,,,37235,0
890.0,,,,,37235,0
896.0,,,,,37235,0
901.0,,,,,37235,0
907.0,,,,,37235,0
912.0,,,,,37235,0
917.0,,,,,37235,0
923.0,,,,,37235,0
928.0,,,,,37235,0
933.0,,,,,37235,0
939.0,,,,,37235,0
944.0,,,,,37235,0
949.0,,,,,37235,0
955.0,,,,,37235,0
960.0,,,,,37235,0
965.0,,,,,37235,0
971.0,,,,,37235,0
976.0,,,,,37235,0
981.0,,,,,37235,0
987.0,,,,,37235,0
992.0,,,,,37235,0
998.0,,,,,37236,0
1003.0,,,,,37236,0
1008.0,,,,,37236,0
1014.0,,,,,37236,0
1019.0,,,,,37236,0
1024.0,,,,,37236,0
1030.0,,,,,37236,0
1035.0,,,,,37236,0
1040.0,,,,,37236,0
1046.0,,,,,37236,0
1051.0,,,,,37236,0
1057.0,,,,,37236,0
1062.0,,,,,37236,0
1067.0,,,,,37236,0
1073.0,,,,,37236,0
1078.0,,,,,37236,0
1083.0,,,,,28940,0
1089.0,,,,,28940,0
1094.0,,,,,28940,0
1100.0,,,,,28940,0
1105.0,,,,,28940,0
1110.0,,,,,28940,0
1116.0,,,,,28940,0
1121.0,,,,,28940,0
1127.0,,,,,28940,0
1132.0,,,,,28940,0
1137.0,,,,,28940,0
1143.0,,,,,28940,0
1148.0,,,,,28940,0
1153.0,,,,,28940,0
1159.0,,,,,28940,0
1164.0,,,,,28940,0
1170.0,,,,,28940,0
1175.0,,,,,28940,0
1180.0,,,,,28940,0
1186.0,,,,,28940,0
1191.0,,,,,28940,0
1196.0,,,,,28940,0
1202.0,,,,,28940,0
1207.0,,,,,28940,0
1212.0,,,,,28940,0
1218.0,,,,,28940,0
1223.0,,,,,28940,0
1229.0,,,,,28940,0
1234.0,,,,,28940,0
1239.0,,,,,28940,0
1245.0,,,,,28940,0
1250.0,,,,,28940,0
1255.0,,,,,28940,0
1261.0,,,,,28940,0
1266.0,,,,,28940,0
1271.0,,,,,28940,0
1277.0,,,,,28940,0
1282.0,,,,,28940,0
1288.0,,,,,28940,0
1293.0,,,,,28940,0
1298.0,,,,,28940,0
1304.0,,,,,28940,0
1309.0,,,,,28940,0
1314.0,,,,,28940,0
1320.0,,,,,28940,0
1325.0,,,,,28940,0
1330.0,,,,,28940,0
1336.0,,,,,28940,0
1341.0,,,,,28940,0
1346.0,,,,,28940,0
1352.0,,,,,28940,0
1357.0,,,,,28940,0
1362.0,,,,,28940,0
1368.0,,,,,28940,0
1373.0,,,,,28940,0
1379.0,,,,,28940,0
1384.0,,,,,25401,0
1389.0,,,,,25401,0
1395.0,,,,,25401,0
1400.0,,,,,25401,0
1405.0,,,,,25401,0
1411.0,,,,,25401,0
1416.0,,,,,25401,0
1421.0,,,,,25401,0
1427.0,,,,,25401,0
1432.0,,,,,25401,0
1438.0,,,,,25401,0
1443.0,,,,,25401,0
1448.0,,,,,25401,0
1454.0,,,,,25401,0
1459.0,,,,,25401,0
1464.0,,,,,25401,0
1470.0,,,,,25401,0
1475.0,,,,,25401,0
1480.0,,,,,25401,0
1486.0,,,,,25401,0
1491.0,,,,,25401,0
1497.0,,,,,25401,0
1502.0,,,,,25401,0
1507.0,,,,,25401,0
1513.0,,,,,25402,0
1518.0,,,,,25402,0
1523.0,,,,,25402,0
1529.0,,,,,25402,0
1534.0,,,,,25402,0
1539.0,,,,,25402,0
1545.0,,,,,25402,0
1550.0,,,,,25402,0
1555.0,,,,,25402,0
1561.0,,,,,25402,0
1566.0,,,,,25402,0
1571.0,,,,,25402,0
1577.0,,,,,25402,0
1582.0,,,,,25402,0
1588.0,,,,,25402,0
1593.0,,,,,25402,0
1598.0,,,,,25402,0
1604.0,,,,,25402,0
1609.0,,,,,25402,0
1614.0,,,,,25402,0
1620.0,,,,,25402,0
1625.0,,,,,25402,0
1630.0,,,,,25402,0
1636.0,,,,,25402,0
1641.0,,,,,25402,0
1647.0,,,,,25402,0
1652.0,,,,,25402,0
1657.0,,,,,25402,0
1663.0,,,,,25402,0
1668.0,,,,,25402,0
1673.0,,,,,25402,0
1679.0,,,,,25402,0
1684.0,,,,,15798,0
1689.0,,,,,14796,0
1695.0,,,,,14796,0
1700.0,,,,,14796,0
1705.0,,,,,14796,0
1711.0,,,,,14796,0
1716.0,,,,,14796,0
1722.0,,,,,14796,0
1727.0,,,,,14796,0
1732.0,,,,,14796,0
1738.0,,,,,14796,0
1743.0,,,,,14796,0
1748.0,,,,,14796,0
1754.0,,,,,14796,0
1759.0,,,,,14796,0
1765.0,,,,,14796,0
1770.0,,,,,14796,0
1775.0,,,,,14796,0
1781.0,,,,,14796,0
1786.0,,,,,14796,0
1791.0,,,,,14796,0
1797.0,,,,,14796,0
1802.0,,,,,14796,0
1808.0,,,,,14796,0
1813.0,,,,,14796,0
1818.0,,,,,14796,0
1824.0,,,,,14796,0
1829.0,,,,,14796,0
1834.0,,,,,14796,0
1840.0,,,,,14796,0
1845.0,,,,,14796,0
1850.0,,,,,14796,0
1856.0,,,,,14796,0
1861.0,,,,,14796,0
1867.0,,,,,14796,0
1872.0,,,,,14796,0
1877.0,,,,,14796,0
1883.0,,,,,14796,0
1888.0,,,,,14796,0
1893.0,,,,,14796,0
1899.0,,,,,14796,0
1904.0,,,,,14796,0
1910.0,,,,,14796,0
1915.0,,,,,14796,0
1920.0,,,,,14796,0
1926.0,,,,,14796,0
1931.0,,,,,14796,0
1936.0,,,,,14796,0
1942.0,,,,,14796,0
1947.0,,,,,14796,0
1953.0,,,,,14796,0
1958.0,,,,,14796,0
1963.0,,,,,14796,0
1969.0,,,,,14796,0
1974.0,,,,,14796,0
1979.0,,,,,14796,0
1985.0,,,,,14796,0
1990.0,,,,,11316,0
1995.0,,,,,11316,0
2001.0,,,,,11316,0
2006.0,,,,,11316,0
2012.0,,,,,11316,0
2017.0,,,,,11316,0
2022.0,,,,,11316,0
2028.0,,,,,11316,0
2033.0,,,,,11316,0
2038.0,,,,,11316,0
2044.0,,,,,11316,0
2049.0,,,,,11316,0
2055.0,,,,,11316,0
2060.0,,,,,11316,0
2066.0,,,,,11316,0
2071.0,,,,,11316,0
2076.0,,,,,11316,0
2082.0,,,,,11316,0
2087.0,,,,,11316,0
2092.0,,,,,11316,0
2098.0,,,,,11316,0
2103.0,,,,,11316,0
2108.0,,,,,11316,0
2114.0,,,,,11316,0
2119.0,,,,,11316,0
2125.0,,,,,11316,0
2130.0,,,,,11316,0
2135.0,,,,,11316,0
2141.0,,,,,11316,0
2146.0,,,,,11316,0
2151.0,,,,,11316,0
2157.0,,,,,11316,0
2162.0,,,,,11316,0
2168.0,,,,,11316,0
2173.0,,,,,11316,0
2178.0,,,,,11316,0
2184.0,,,,,11316,0
2189.0,,,,,11316,0
2195.0,,,,,11316,0
2200.0,,,,,11316,0
2205.0,,,,,11316,0
2211.0,,,,,11316,0
2216.0,,,,,11316,0
2221.0,,,,,11316,0
2227.0,,,,,11316,0
2232.0,,,,,11316,0
2237.0,,,,,11316,0
2243.0,,,,,13315,0
2248.0,,,,,14899,0
2254.0,,,,,15501,0
2259.0,,,,,15802,0
2265.0,,,,,16404,0
2270.0,,,,,17006,0
2275.0,,,,,17308,0
2281.0,,,,,17910,0
2286.0,,,,,16612,0
2291.0,,,,,14597,0
2297.0,,,,,15200,0
2302.0,,,,,15802,0
2308.0,,,,,16105,0
2313.0,,,,,17088,0
2318.0,,,,,17104,0
2324.0,,,,,16829,0
2329.0,,,,,16829,0
2334.0,,,,,16829,0
2340.0,,,,,16829,0
2345.0,,,,,16829,0
2351.0,,,,,16829,0
2356.0,,,,,16829,0
2361.0,,,,,16829,0
2367.0,,,,,16829,0
2372.0,,,,,16829,0
2377.0,,,,,16829,0
2383.0,,,,,16829,0
2388.0,,,,,16829,0
2393.0,,,,,16829,0
2399.0,,,,,16829,0
2404.0,,,,,16829,0
2409.0,,,,,16829,0
2415.0,,,,,16829,0
2420.0,,,,,16829,0
2425.0,,,,,16829,0
2431.0,,,,,16829,0
2436.0,,,,,16829,0
2441.0,,,,,16829,0
2447.0,,,,,16829,0
2452.0,,,,,16829,0
2457.0,,,,,16829,0
2463.0,,,,,16829,0
2468.0,,,,,16829,0
2473.0,,,,,16829,0
2479.0,,,,,16829,0
2484.0,,,,,16829,0
2489.0,,,,,16829,0
2495.0,,,,,16829,0
2500.0,,,,,16829,0
2506.0,,,,,16829,0
2511.0,,,,,16829,0
2516.0,,,,,16829,0
2522.0,,,,,16829,0
2527.0,,,,,16829,0
2532.0,,,,,16829,0
2538.0,,,,,16829,0
2543.0,,,,,16829,0
